recv_sec,idx,has_commits,commit,term,global_commit
0.0001548,0,1,24,2,22
0.0002213,1,1,25,2,22
0.0002621,2,1,26,2,22
0.000299001,3,1,27,2,22
0.000335001,4,1,28,2,22
0.000373601,5,1,29,2,22
0.000408701,6,1,30,2,22
0.000444301,7,1,31,2,22
0.000474201,8,1,31,2,22
0.000510801,9,1,32,2,22
0.000538201,10,1,32,2,22
0.000572101,11,1,33,2,22
0.000605701,12,1,34,2,22
0.000639901,13,1,35,2,22
0.000673601,14,1,36,2,22
0.000707201,15,1,37,2,22
0.000747001,16,1,38,2,22
0.000781601,17,1,39,2,22
0.000830101,18,1,40,2,22
0.000862801,19,1,40,2,22
0.000897301,20,1,41,2,22
0.000931201,21,1,42,2,22
0.000966001,22,1,43,2,22
0.000992801,23,1,43,2,22
0.0010191,24,1,43,2,22
0.001045,25,1,43,2,22
0.0010808,26,1,44,2,22
0.0011172,27,1,45,2,22
0.0011589,28,1,46,2,22
0.0011941,29,1,47,2,22
0.0012278,30,1,48,2,22
0.0012635,31,1,49,2,22
0.0013,32,1,50,2,22
0.0013387,33,1,51,2,22
0.0013724,34,1,52,2,22
0.0014064,35,1,53,2,22
0.0014406,36,1,54,2,22
0.0014772,37,1,55,2,22
0.0015108,38,1,56,2,22
0.0015464,39,1,57,2,22
0.001581,40,1,58,2,22
0.0016081,41,1,58,2,22
0.0016343,42,1,58,2,22
0.0016682,43,1,59,2,22
0.001695,44,1,59,2,22
0.0017304,45,1,60,2,22
0.0017644,46,1,61,2,22
0.0017985,47,1,62,2,22
0.0018631,48,0,0,0,0
0.0018927,49,1,62,2,22
0.0019288,50,1,63,2,22
0.0019643,51,1,64,2,22
0.0019913,52,1,64,2,22
0.0020243,53,1,65,2,22
0.0020579,54,1,66,2,22
0.0020879,55,0,0,0,0
0.0021218,56,1,67,2,22
0.0021487,57,1,67,2,22
0.0021812,58,1,68,2,22
0.0022105,59,0,0,0,0
0.0022465,60,1,69,2,22
0.0022798,61,1,70,2,22
0.0023132,62,1,71,2,22
0.0023463,63,1,72,2,22
0.0023854,64,1,73,2,22
0.0024172,65,1,73,2,22
0.0024518,66,1,74,2,22
0.0024863,67,1,75,2,22
0.00252,68,1,76,2,22
0.002554,69,1,77,2,22
0.0025879,70,1,78,2,22
0.0026224,71,1,79,2,22
0.0026555,72,1,80,2,22
0.0026882,73,1,81,2,22
0.0027212,74,1,82,2,22
0.002755,75,1,83,2,22
0.0027911,76,1,84,2,22
0.0028428,77,1,85,2,22
0.00288,78,1,86,2,22
0.0029071,79,1,86,2,22
0.0029333,80,1,86,2,22
0.0029665,81,1,87,2,22
0.0029993,82,1,88,2,22
0.0030329,83,1,89,2,22
0.0030601,84,1,89,2,22
0.0030956,85,1,90,2,22
0.0031227,86,1,90,2,22
0.0031585,87,1,91,2,22
0.0031948,88,1,92,2,22
0.0032293,89,1,93,2,22
0.0032656,90,1,94,2,22
0.00330051,91,1,95,2,22
0.0033341,92,1,96,2,22
0.00336971,93,1,97,2,22
0.00340491,94,1,98,2,22
0.00343171,95,1,98,2,22
0.00346671,96,1,99,2,22
0.00350001,97,1,100,2,22
0.00353541,98,1,101,2,22
0.0035708,99,1,102,2,22
0.00360711,100,1,103,2,22
0.0036406,101,1,104,2,22
0.00367641,102,1,105,2,22
0.00371171,103,1,106,2,22
0.0037456,104,1,107,2,22
0.00377551,105,0,0,0,0
0.00381151,106,1,107,2,22
0.0038747,107,1,108,2,22
0.003913,108,1,109,2,22
0.00394051,109,1,109,2,22
0.00399201,110,1,110,2,22
0.00403021,111,1,111,2,22
0.00406601,112,1,112,2,22
0.00409301,113,1,112,2,22
0.00412631,114,1,113,2,22
0.00415971,115,1,114,2,22
0.00418671,116,1,114,2,22
0.00421951,117,1,115,2,22
0.00425511,118,1,116,2,22
0.00428891,119,1,117,2,22
0.00432271,120,1,118,2,22
0.00435911,121,1,119,2,22
0.00439251,122,1,120,2,22
0.00442811,123,1,121,2,22
0.00446151,124,1,122,2,22
0.00449741,125,1,123,2,22
0.00452431,126,1,123,2,22
0.00455331,127,0,0,0,0
0.00459881,128,1,124,2,22
0.00463261,129,1,124,2,22
0.00465921,130,1,124,2,22
0.00469581,131,1,125,2,22
0.00473011,132,1,126,2,22
0.00476501,133,1,127,2,22
0.00481051,134,1,128,2,22
0.00485731,135,1,129,2,22
0.00489181,136,1,130,2,22
0.00492591,137,1,131,2,22
0.00496091,138,1,132,2,22
0.00499401,139,1,133,2,22
0.00502131,140,1,133,2,22
0.00505461,141,1,134,2,22
0.00508861,142,1,135,2,22
0.00511631,143,1,135,2,22
0.00514871,144,1,136,2,22
0.00518211,145,1,137,2,22
0.00521861,146,1,138,2,22
0.00525251,147,1,139,2,22
0.00528741,148,1,140,2,22
0.00532121,149,1,141,2,22
0.00535561,150,1,142,2,22
0.00539181,151,1,143,2,22
0.00542151,152,0,0,0,0
0.00545671,153,1,144,2,22
0.00549201,154,1,145,2,22
0.00551921,155,1,145,2,22
0.00555201,156,1,146,2,22
0.00558621,157,1,147,2,22
0.00562161,158,1,148,2,22
0.00565711,159,1,149,2,22
0.00568441,160,1,149,2,22
0.00571961,161,1,150,2,22
0.00574651,162,1,150,2,22
0.00578081,163,1,151,2,22
0.00583621,164,1,152,2,22
0.00587681,165,1,153,2,22
0.00591071,166,1,154,2,22
0.00594511,167,1,155,2,22
0.00597861,168,1,156,2,22
0.00601201,169,1,157,2,22
0.00603891,170,1,157,2,22
0.00606501,171,1,157,2,22
0.00609101,172,1,157,2,22
0.00612671,173,1,158,2,22
0.00615331,174,1,158,2,22
0.00618951,175,1,159,2,22
0.00621631,176,1,159,2,22
0.00624301,177,1,159,2,22
0.00626941,178,1,159,2,22
0.00630401,179,1,160,2,22
0.00633781,180,1,161,2,22
0.00637351,181,1,162,2,22
0.00640931,182,1,163,2,22
0.00643621,183,1,163,2,22
0.00646951,184,1,164,2,22
0.00649921,185,0,0,0,0
0.00653241,186,1,165,2,22
0.00656801,187,1,166,2,22
0.00660281,188,1,167,2,22
0.00663791,189,1,168,2,22
0.00667231,190,1,169,2,22
0.00670841,191,1,170,2,22
0.00674461,192,1,171,2,22
0.00677811,193,1,172,2,22
0.00681691,194,1,172,2,22
0.00685231,195,1,172,2,22
0.00688771,196,1,173,2,22
0.00692161,197,1,174,2,22
0.00695661,198,1,175,2,22
0.00699231,199,1,176,2,22
0.00701911,200,1,176,2,22
0.00705451,201,1,177,2,22
0.00708871,202,1,178,2,22
0.00712291,203,1,179,2,22
0.00715891,204,1,180,2,22
0.00719351,205,1,181,2,22
0.00722041,206,1,181,2,22
0.00724651,207,1,181,2,22
0.00728151,208,1,182,2,22
0.00730851,209,1,182,2,22
0.00734451,210,1,183,2,22
0.00748901,211,1,184,2,22
0.00752561,212,1,185,2,22
0.00755341,213,1,185,2,22
0.00759141,214,1,186,2,22
0.00763121,215,1,187,2,22
0.00767111,216,1,188,2,22
0.00771071,217,1,189,2,22
0.00775041,218,1,190,2,22
0.00779071,219,1,191,2,22
0.00784491,220,0,0,0,0
0.00788871,221,1,192,2,22
0.00792731,222,1,193,2,22
0.00796691,223,1,194,2,22
0.00801001,224,1,195,2,22
0.00804921,225,1,196,2,22
0.00808331,226,1,197,2,22
0.00811311,227,0,0,0,0
0.00814971,228,1,198,2,22
0.00819361,229,1,199,2,22
0.00822471,230,1,199,2,22
0.00826241,231,1,200,2,22
0.00829651,232,1,201,2,22
0.00833041,233,1,202,2,22
0.00837061,234,1,203,2,22
0.00841251,235,1,204,2,22
0.00845321,236,1,205,2,22
0.00849451,237,1,206,2,22
0.00852791,238,0,0,0,0
0.00856491,239,1,207,2,22
0.00859841,240,1,208,2,22
0.00863191,241,1,209,2,22
0.00866581,242,1,210,2,22
0.00870201,243,1,211,2,22
0.00873581,244,1,212,2,22
0.00876931,245,1,213,2,22
0.00881251,246,1,214,2,22
0.00886001,247,1,215,2,22
0.00889501,248,1,216,2,22
0.00893011,249,1,217,2,22
0.00896421,250,1,218,2,22
0.00899871,251,1,219,2,22
0.00903311,252,1,220,2,22
0.00906031,253,1,220,2,22
0.00909491,254,1,221,2,22
0.00912961,255,1,222,2,22
0.00918171,256,1,223,2,22
0.00922021,257,1,224,2,22
0.00924761,258,1,224,2,22
0.00928111,259,1,225,2,22
0.00930801,260,1,225,2,22
0.00933461,261,1,225,2,22
0.00936351,262,0,0,0,0
0.00939951,263,1,226,2,22
0.00942871,264,0,0,0,0
0.00946241,265,1,227,2,22
0.00949581,266,1,228,2,22
0.00953161,267,1,229,2,22
0.00956511,268,1,230,2,22
0.00960181,269,1,231,2,22
0.00963621,270,1,232,2,22
0.00967471,271,1,233,2,22
0.00970201,272,1,233,2,22
0.00973561,273,1,234,2,22
0.00976261,274,1,234,2,22
0.00979681,275,1,235,2,22
0.00989411,276,1,236,2,22
0.00993041,277,1,237,2,22
0.00996471,278,1,238,2,22
0.0100016,279,1,239,2,22
0.0100378,280,1,240,2,22
0.0100727,281,1,241,2,22
0.0101075,282,1,242,2,22
0.010142,283,1,243,2,22
0.0101763,284,1,244,2,22
0.0102109,285,1,245,2,22
0.0102381,286,1,245,2,22
0.010274,287,1,246,2,22
0.0103085,288,1,247,2,22
0.0103433,289,1,248,2,22
0.0103703,290,1,248,2,22
0.0104056,291,1,249,2,22
0.0104328,292,1,249,2,22
0.0104592,293,1,249,2,22
0.0104929,294,1,250,2,22
0.0105228,295,0,0,0,0
0.0105599,296,1,251,2,22
0.0105946,297,1,252,2,22
0.0106301,298,1,253,2,22
0.010665,299,1,254,2,22
0.0107005,300,1,255,2,22
0.0107275,301,1,255,2,22
0.0107564,302,1,255,2,22
0.0107894,303,1,256,2,22
0.0108331,304,1,256,2,22
0.0108937,305,1,257,2,22
0.0109244,306,1,257,2,22
0.0109576,307,1,258,2,22
0.0109937,308,1,259,2,22
0.011022,309,1,259,2,22
0.0110551,310,1,260,2,22
0.0110892,311,1,261,2,22
0.0111169,312,1,261,2,22
0.0111502,313,1,262,2,22
0.0111846,314,1,263,2,22
0.0112193,315,1,264,2,22
0.0112557,316,1,265,2,22
0.0112908,317,1,266,2,22
0.0113181,318,1,266,2,22
0.0113517,319,1,267,2,22
0.011385,320,1,268,2,22
0.0114237,321,1,269,2,22
0.0114581,322,1,270,2,22
0.0114855,323,1,270,2,22
0.0115199,324,1,271,2,22
0.0115555,325,1,272,2,22
0.0115896,326,1,273,2,22
0.0116231,327,1,274,2,22
0.0116567,328,1,275,2,22
0.0116899,329,1,276,2,22
0.0117242,330,1,277,2,22
0.0117579,331,1,278,2,22
0.0117942,332,1,279,2,22
0.0118478,333,1,280,2,22
0.0118762,334,1,280,2,22
0.0119102,335,1,281,2,22
0.0119441,336,1,282,2,22
0.0119866,337,1,282,2,22
0.0120264,338,1,283,2,22
0.0120543,339,1,283,2,22
0.0120899,340,1,284,2,22
0.0121168,341,1,284,2,22
0.0121506,342,1,285,2,22
0.0121883,343,1,286,2,22
0.0122232,344,1,287,2,22
0.0122562,345,1,288,2,22
0.0122829,346,1,288,2,22
0.0123158,347,1,289,2,22
0.0123428,348,1,289,2,22
0.0123752,349,1,290,2,22
0.0124101,350,1,291,2,22
0.0124461,351,1,292,2,22
0.0124767,352,0,0,0,0
0.0125124,353,1,293,2,22
0.0125465,354,1,294,2,22
0.0125836,355,1,295,2,22
0.0126107,356,1,295,2,22
0.0126462,357,1,296,2,22
0.0126817,358,1,297,2,22
0.0127086,359,1,297,2,22
0.0127413,360,1,298,2,22
0.0127708,361,0,0,0,0
0.0127973,362,1,298,2,22
0.012843,363,1,298,2,22
0.0128787,364,1,299,2,22
0.0129059,365,1,299,2,22
0.0129395,366,1,300,2,22
0.0129666,367,1,300,2,22
0.0129951,368,0,0,0,0
0.0130292,369,1,301,2,22
0.0130571,370,1,301,2,22
0.0130837,371,1,301,2,22
0.0131176,372,1,302,2,22
0.0131519,373,1,303,2,22
0.0131789,374,1,303,2,22
0.0132079,375,1,303,2,22
0.013234,376,1,303,2,22
0.0132668,377,1,304,2,22
0.0132959,378,0,0,0,0
0.0133293,379,1,305,2,22
0.0133635,380,1,306,2,22
0.0133905,381,1,306,2,22
0.0134166,382,1,306,2,22
0.0134503,383,1,307,2,22
0.0134844,384,1,308,2,22
0.0135113,385,1,308,2,22
0.0135472,386,1,309,2,22
0.0135834,387,1,310,2,22
0.0136107,388,1,310,2,22
0.0136449,389,1,311,2,22
0.0136716,390,1,311,2,22
0.0137042,391,1,312,2,22
0.0137406,392,1,313,2,22
0.01377,393,0,0,0,0
0.0138166,394,1,314,2,22
0.0138528,395,1,314,2,22
0.0138908,396,1,315,2,22
0.0139253,397,1,316,2,22
0.01396,398,1,317,2,22
0.013995,399,1,318,2,22
0.01403,400,1,319,2,22
0.0140629,401,1,320,2,22
0.0140958,402,1,321,2,22
0.014131,403,1,322,2,22
0.014165,404,1,323,2,22
0.0142008,405,1,324,2,22
0.0142346,406,1,325,2,22
0.0142689,407,1,326,2,22
0.0143027,408,1,327,2,22
0.0143361,409,1,328,2,22
0.0143634,410,1,328,2,22
0.0143991,411,1,329,2,22
0.0144259,412,1,329,2,22
0.0144524,413,1,329,2,22
0.0144859,414,1,330,2,22
0.0145135,415,1,330,2,22
0.014547,416,1,331,2,22
0.014581,417,1,332,2,22
0.0146155,418,1,333,2,22
0.0146517,419,1,334,2,22
0.0146862,420,1,335,2,22
0.0147161,421,0,0,0,0
0.0147501,422,1,336,2,22
0.014784,423,1,337,2,22
0.0148338,424,1,338,2,22
0.0148675,425,0,0,0,0
0.0149028,426,1,339,2,22
0.014937,427,1,340,2,22
0.0149643,428,1,340,2,22
0.014998,429,1,341,2,22
0.0150272,430,0,0,0,0
0.0150632,431,1,342,2,22
0.0150922,432,0,0,0,0
0.0151259,433,1,343,2,22
0.0151599,434,1,344,2,22
0.0151868,435,1,344,2,22
0.0152146,436,0,0,0,0
0.015248,437,1,345,2,22
0.0152767,438,0,0,0,0
0.0153099,439,1,346,2,22
0.0153439,440,1,347,2,22
0.0153713,441,1,347,2,22
0.0154049,442,1,348,2,22
0.0154319,443,1,348,2,22
0.0154662,444,1,349,2,22
0.015495,445,0,0,0,0
0.0155297,446,1,350,2,22
0.0155652,447,1,351,2,22
0.015599,448,1,352,2,22
0.0156333,449,1,353,2,22
0.0156625,450,0,0,0,0
0.0156992,451,1,354,2,22
0.0157338,452,1,355,2,22
0.015768,453,1,356,2,22
0.0158118,454,1,357,2,22
0.0158559,455,1,358,2,22
0.0158939,456,1,359,2,22
0.0159321,457,1,360,2,22
0.0159786,458,1,361,2,22
0.0160236,459,1,362,2,22
0.0160596,460,1,363,2,22
0.0160937,461,1,364,2,22
0.0161304,462,1,365,2,22
0.0161651,463,1,366,2,22
0.0162001,464,1,367,2,22
0.016234,465,1,368,2,22
0.016268,466,1,369,2,22
0.0163014,467,1,370,2,22
0.0163357,468,1,371,2,22
0.0163717,469,1,372,2,22
0.0163989,470,1,372,2,22
0.0164331,471,1,373,2,22
0.0164696,472,1,374,2,22
0.0165066,473,1,375,2,22
0.0165428,474,1,376,2,22
0.0165792,475,1,377,2,22
0.0166158,476,1,378,2,22
0.016643,477,1,378,2,22
0.0166777,478,1,379,2,22
0.0167122,479,1,380,2,22
0.0167394,480,1,380,2,22
0.0167687,481,0,0,0,0
0.0168148,482,1,381,2,22
0.0168518,483,1,381,2,22
0.0168791,484,1,381,2,22
0.0169151,485,1,382,2,22
0.0169421,486,1,382,2,22
0.0169686,487,1,382,2,22
0.0170058,488,1,383,2,22
0.0170394,489,1,384,2,22
0.0170667,490,1,384,2,22
0.0170998,491,1,385,2,22
0.0171333,492,1,386,2,22
0.0171673,493,1,387,2,22
0.0171942,494,1,387,2,22
0.0172272,495,1,388,2,22
0.0172608,496,1,389,2,22
0.0172943,497,1,390,2,22
0.0173283,498,1,391,2,22
0.0173615,499,1,392,2,22
0.017391,500,0,0,0,0
0.0174269,501,1,393,2,22
0.0174561,502,0,0,0,0
0.0174899,503,1,394,2,22
0.0175242,504,1,395,2,22
0.0175602,505,1,396,2,22
0.0175876,506,1,396,2,22
0.0176234,507,1,397,2,22
0.0176528,508,0,0,0,0
0.0176865,509,1,398,2,22
0.0177209,510,1,399,2,22
0.0177565,511,1,400,2,22
0.0178309,512,1,400,2,22
0.0178857,513,1,401,2,22
0.0179203,514,1,402,2,22
0.0179474,515,1,402,2,22
0.0179833,516,1,403,2,22
0.0180191,517,1,404,2,22
0.0180532,518,1,405,2,22
0.01808,519,1,405,2,22
0.0181133,520,1,406,2,22
0.0181507,521,1,407,2,22
0.0181806,522,0,0,0,0
0.0182142,523,1,408,2,22
0.0182487,524,1,409,2,22
0.0182763,525,1,409,2,22
0.0183121,526,1,410,2,22
0.0183485,527,1,411,2,22
0.0183834,528,1,412,2,22
0.0184194,529,1,413,2,22
0.0184537,530,1,414,2,22
0.0184881,531,1,415,2,22
0.0185221,532,1,416,2,22
0.0185494,533,1,416,2,22
0.0185849,534,1,417,2,22
0.0186189,535,1,418,2,22
0.0186529,536,1,419,2,22
0.0186868,537,1,420,2,22
0.0187217,538,1,421,2,22
0.0187584,539,1,422,2,22
0.0187938,540,1,423,2,22
0.0188545,541,1,424,2,22
0.0188839,542,1,424,2,22
0.0189177,543,1,425,2,22
0.018952,544,1,426,2,22
0.0189889,545,1,427,2,22
0.0190229,546,1,428,2,22
0.019058,547,1,429,2,22
0.0190923,548,1,430,2,22
0.0191287,549,1,431,2,22
0.019162,550,1,432,2,22
0.0191889,551,1,432,2,22
0.0192181,552,0,0,0,0
0.0192518,553,1,433,2,22
0.0192812,554,0,0,0,0
0.0193153,555,1,434,2,22
0.0193501,556,1,435,2,22
0.0193844,557,1,436,2,22
0.0194191,558,1,437,2,22
0.0194569,559,1,438,2,22
0.0194942,560,1,439,2,22
0.0195311,561,1,440,2,22
0.0195662,562,1,441,2,22
0.0196028,563,1,442,2,22
0.019638,564,1,443,2,22
0.0196681,565,0,0,0,0
0.0197021,566,1,444,2,22
0.0197371,567,1,445,2,22
0.0197644,568,1,445,2,22
0.0197987,569,1,446,2,22
0.0198663,570,1,447,2,22
0.0199003,571,1,448,2,22
0.0199344,572,1,449,2,22
0.0199772,573,1,450,2,22
0.0200136,574,0,0,0,0
0.0200411,575,1,450,2,22
0.0200679,576,1,450,2,22
0.0201039,577,1,451,2,22
0.0201403,578,1,452,2,22
0.0201675,579,1,452,2,22
0.0202015,580,1,453,2,22
0.0202375,581,1,454,2,22
0.0202721,582,1,455,2,22
0.0203053,583,1,456,2,22
0.0203343,584,0,0,0,0
0.0203698,585,1,457,2,22
0.0203985,586,0,0,0,0
0.0204261,587,0,0,0,0
0.0204609,588,1,458,2,22
0.0204882,589,1,458,2,22
0.0205291,590,1,459,2,22
0.0205648,591,1,460,2,22
0.020599,592,1,461,2,22
0.0206328,593,1,462,2,22
0.0206729,594,1,463,2,22
0.0207066,595,1,464,2,22
0.0207355,596,0,0,0,0
0.0207711,597,1,465,2,22
0.0208295,598,1,466,2,22
0.0208839,599,1,467,2,22
0.0209196,600,1,468,2,22
0.0209467,601,1,468,2,22
0.0209795,602,0,0,0,0
0.0210056,603,1,468,2,22
0.0210399,604,1,469,2,22
0.0210744,605,1,470,2,22
0.021111,606,1,471,2,22
0.0211449,607,1,472,2,22
0.0211792,608,1,473,2,22
0.0212153,609,1,474,2,22
0.0212502,610,1,475,2,22
0.0212846,611,1,476,2,22
0.0213195,612,1,477,2,22
0.0213543,613,1,478,2,22
0.02139,614,1,479,2,22
0.0214239,615,1,480,2,22
0.0214578,616,1,481,2,22
0.0214869,617,0,0,0,0
0.0215229,618,1,482,2,22
0.0215497,619,1,482,2,22
0.0215856,620,1,483,2,22
0.0216124,621,1,483,2,22
0.0216462,622,1,484,2,22
0.0216756,623,0,0,0,0
0.0217022,624,1,484,2,22
0.0217281,625,1,484,2,22
0.021763,626,1,485,2,22
0.0218104,627,1,486,2,22
0.0218561,628,1,487,2,22
0.0218856,629,0,0,0,0
0.0219216,630,1,488,2,22
0.0219563,631,1,489,2,22
0.0219912,632,1,490,2,22
0.0220204,633,0,0,0,0
0.0220473,634,1,490,2,22
0.0220819,635,1,491,2,22
0.0221093,636,1,491,2,22
0.0221454,637,1,492,2,22
0.0221743,638,0,0,0,0
0.022211,639,1,493,2,22
0.0222459,640,1,494,2,22
0.0222747,641,0,0,0,0
0.0223014,642,1,494,2,22
0.0223362,643,1,495,2,22
0.0223705,644,1,496,2,22
0.0224048,645,1,497,2,22
0.0224321,646,1,497,2,22
0.0224679,647,1,498,2,22
0.0224947,648,1,498,2,22
0.0225308,649,1,499,2,22
0.0226672,650,1,500,2,22
0.0227069,651,1,502,2,22
0.0227426,652,1,503,2,22
0.0227701,653,1,503,2,22
0.022818,654,1,504,2,22
0.0228633,655,1,505,2,22
0.0228989,656,1,506,2,22
0.0229342,657,1,507,2,22
0.022969,658,1,508,2,22
0.0230046,659,1,509,2,22
0.0230399,660,1,510,2,22
0.023076,661,1,511,2,22
0.0232357,662,1,512,2,22
0.023278,663,1,513,2,22
0.0233147,664,1,514,2,22
0.0233522,665,1,515,2,22
0.0233907,666,1,516,2,22
0.0234276,667,1,517,2,22
0.0234622,668,1,518,2,22
0.0235014,669,1,519,2,22
0.0235328,670,0,0,0,0
0.0235664,671,1,520,2,22
0.0236048,672,1,521,2,22
0.0236439,673,1,522,2,22
0.0236838,674,1,523,2,22
0.0237157,675,1,523,2,22
0.0237495,676,1,524,2,22
0.0237883,677,1,525,2,22
0.0238383,678,1,526,2,22
0.0238692,679,1,526,2,22
0.0239081,680,1,527,2,22
0.0239434,681,1,528,2,22
0.0240012,682,1,529,2,22
0.0240432,683,1,530,2,22
0.0240827,684,1,531,2,22
0.0241188,685,1,532,2,22
0.0241471,686,1,532,2,22
0.0241858,687,1,533,2,22
0.0242233,688,1,534,2,22
0.0242583,689,1,535,2,22
0.0242971,690,1,536,2,22
0.0243258,691,1,536,2,22
0.0243557,692,0,0,0,0
0.0243916,693,1,537,2,22
0.0244263,694,1,538,2,22
0.0244653,695,1,539,2,22
0.0244932,696,1,539,2,22
0.0245198,697,1,539,2,22
0.0245582,698,1,540,2,22
0.0245935,699,1,541,2,22
0.0246304,700,1,542,2,22
0.0246705,701,1,543,2,22
0.0247036,702,1,544,2,22
0.0247376,703,1,545,2,22
0.0247767,704,1,546,2,22
0.024837,705,1,547,2,22
0.0248719,706,1,547,2,22
0.0249111,707,1,548,2,22
0.0249482,708,1,549,2,22
0.0249756,709,1,549,2,22
0.0250021,710,1,549,2,22
0.0250356,711,1,550,2,22
0.0250706,712,1,551,2,22
0.0251035,713,1,552,2,22
0.0251305,714,1,552,2,22
0.025163,715,1,553,2,22
0.025196,716,1,554,2,22
0.0252294,717,1,555,2,22
0.0252562,718,1,555,2,22
0.0252821,719,1,555,2,22
0.0253147,720,1,556,2,22
0.0253409,721,1,556,2,22
0.0253668,722,1,556,2,22
0.0253992,723,1,557,2,22
0.025433,724,1,558,2,22
0.0254671,725,1,559,2,22
0.0255004,726,1,560,2,22
0.0255342,727,1,561,2,22
0.0255674,728,1,562,2,22
0.0255944,729,1,562,2,22
0.0256211,730,1,562,2,22
0.0256474,731,1,562,2,22
0.0256811,732,1,563,2,22
0.0257111,733,0,0,0,0
0.0257476,734,1,564,2,22
0.0257818,735,1,565,2,22
0.0258308,736,1,566,2,22
0.0258705,737,1,567,2,22
0.0259042,738,1,568,2,22
0.0259382,739,1,569,2,22
0.0259752,740,1,570,2,22
0.02601,741,1,571,2,22
0.0260442,742,1,572,2,22
0.026079,743,1,573,2,22
0.0261134,744,1,574,2,22
0.0261492,745,1,575,2,22
0.0261851,746,1,576,2,22
0.0262186,747,1,577,2,22
0.0262521,748,1,578,2,22
0.0262817,749,0,0,0,0
0.0263085,750,1,578,2,22
0.0263419,751,1,579,2,22
0.0263707,752,0,0,0,0
0.0264036,753,1,580,2,22
0.0264326,754,0,0,0,0
0.0264656,755,1,581,2,22
0.0265014,756,1,582,2,22
0.0265355,757,1,583,2,22
0.0265711,758,1,584,2,22
0.026605,759,1,585,2,22
0.0266384,760,1,586,2,22
0.0266745,761,1,587,2,22
0.0267018,762,1,587,2,22
0.026735,763,1,588,2,22
0.0267643,764,0,0,0,0
0.0267909,765,1,588,2,22
0.0268355,766,0,0,0,0
0.026876,767,1,589,2,22
0.0269113,768,1,590,2,22
0.0269381,769,1,590,2,22
0.0269717,770,1,591,2,22
0.0270053,771,1,592,2,22
0.0270322,772,1,592,2,22
0.0270611,773,1,592,2,22
0.0270939,774,1,593,2,22
0.0271202,775,1,593,2,22
0.027153,776,1,594,2,22
0.0271893,777,1,595,2,22
0.027216,778,1,595,2,22
0.0272508,779,1,596,2,22
0.0272848,780,1,597,2,22
0.0273181,781,1,598,2,22
0.0273544,782,1,599,2,22
0.0273812,783,1,599,2,22
0.0274072,784,1,599,2,22
0.0274329,785,1,599,2,22
0.0274656,786,1,600,2,22
0.027492,787,1,600,2,22
0.027518,788,1,600,2,22
0.0275437,789,1,600,2,22
0.0275763,790,1,601,2,22
0.0276103,791,1,602,2,22
0.027645,792,1,603,2,22
0.0276714,793,1,603,2,22
0.0277054,794,1,604,2,22
0.027742,795,1,605,2,22
0.0277764,796,1,606,2,22
0.027833,797,1,607,2,22
0.0278745,798,1,608,2,22
0.0279113,799,1,609,2,22
0.0279462,800,1,610,2,22
0.0279943,801,1,610,2,22
0.0280234,802,1,610,2,22
0.0280494,803,1,610,2,22
0.0280886,804,1,611,2,22
0.0281232,805,1,612,2,22
0.028158,806,1,613,2,22
0.0281922,807,1,614,2,22
0.0282263,808,1,615,2,22
0.0282598,809,1,616,2,22
0.0282962,810,1,617,2,22
0.0283236,811,1,617,2,22
0.02835,812,1,617,2,22
0.0283866,813,1,618,2,22
0.0284208,814,1,619,2,22
0.0284477,815,1,619,2,22
0.0284812,816,1,620,2,22
0.0285154,817,1,621,2,22
0.028542,818,1,621,2,22
0.0285758,819,1,622,2,22
0.0286099,820,1,623,2,22
0.0286455,821,1,624,2,22
0.0286723,822,1,624,2,22
0.0287058,823,1,625,2,22
0.0287416,824,1,626,2,22
0.028776,825,1,627,2,22
0.0288228,826,1,628,2,22
0.0288652,827,1,629,2,22
0.0288927,828,1,629,2,22
0.0289267,829,1,630,2,22
0.0289537,830,1,630,2,22
0.028988,831,1,631,2,22
0.0290239,832,1,632,2,22
0.0290586,833,1,633,2,22
0.0290929,834,1,634,2,22
0.0291272,835,1,635,2,22
0.029157,836,0,0,0,0
0.029191,837,1,636,2,22
0.0292253,838,1,637,2,22
0.0292623,839,1,638,2,22
0.029298,840,1,639,2,22
0.0293318,841,1,640,2,22
0.0293674,842,1,641,2,22
0.0294009,843,1,642,2,22
0.0294276,844,1,642,2,22
0.0294633,845,1,643,2,22
0.0294902,846,1,643,2,22
0.0295235,847,1,644,2,22
0.0295572,848,1,645,2,22
0.0295861,849,0,0,0,0
0.0296191,850,1,646,2,22
0.0296594,851,1,647,2,22
0.0296946,852,1,648,2,22
0.0297281,853,1,649,2,22
0.029755,854,1,649,2,22
0.0297809,855,1,649,2,22
0.0298276,856,1,650,2,22
0.0298678,857,1,651,2,22
0.0299045,858,1,652,2,22
0.0299342,859,0,0,0,0
0.0299613,860,1,652,2,22
0.0299973,861,1,653,2,22
0.0300313,862,1,654,2,22
0.0300607,863,0,0,0,0
0.0300969,864,1,655,2,22
0.0301268,865,1,655,2,22
0.0303685,866,1,656,2,501
0.0304032,867,1,657,2,501
0.0304301,868,1,657,2,501
0.0304665,869,1,658,2,501
0.0305507,870,1,659,2,501
0.0305865,871,1,660,2,501
0.030623,872,1,661,2,501
0.0306503,873,1,661,2,501
0.0306841,874,1,662,2,501
0.0307112,875,1,662,2,501
0.0307458,876,1,663,2,501
0.0307729,877,1,663,2,501
0.0308306,878,1,664,2,501
0.0308758,879,1,664,2,501
0.0309119,880,1,665,2,501
0.0309518,881,1,666,2,501
0.0309894,882,1,667,2,501
0.0310217,883,1,667,2,501
0.031056,884,1,668,2,501
0.0310879,885,1,668,2,501
0.0311251,886,1,669,2,501
0.0311604,887,0,0,0,0
0.0311874,888,1,669,2,501
0.0312243,889,1,670,2,501
0.0312636,890,1,671,2,501
0.0313002,891,1,672,2,501
0.0313391,892,1,673,2,501
0.0313801,893,1,674,2,501
0.031411,894,1,674,2,501
0.0314484,895,1,675,2,501
0.031486,896,1,676,2,501
0.031525,897,1,677,2,501
0.0315625,898,1,678,2,501
0.0316002,899,1,679,2,501
0.0316393,900,1,680,2,501
0.0316735,901,1,681,2,501
0.03171,902,1,682,2,501
0.0317448,903,1,683,2,501
0.031779,904,1,684,2,501
0.0318277,905,1,685,2,501
0.0318722,906,1,686,2,501
0.0318996,907,1,686,2,501
0.0319342,908,1,687,2,501
0.031977,909,1,688,2,501
0.0320118,910,1,688,2,501
0.0320385,911,1,688,2,501
0.0320739,912,1,689,2,501
0.0321038,913,0,0,0,0
0.0321377,914,1,690,2,501
0.032172,915,1,691,2,501
0.0322064,916,1,692,2,501
0.0322406,917,1,693,2,501
0.032275,918,1,694,2,501
0.0323123,919,1,695,2,501
0.0323465,920,1,696,2,501
0.0323829,921,1,697,2,501
0.0324099,922,1,697,2,501
0.032446,923,1,698,2,501
0.0324812,924,1,699,2,501
0.0325176,925,1,700,2,501
0.0325445,926,1,700,2,501
0.0325803,927,1,701,2,501
0.0326155,928,1,702,2,501
0.0326507,929,1,703,2,501
0.0326776,930,1,703,2,501
0.0327108,931,1,704,2,501
0.0327443,932,1,705,2,501
0.0327804,933,1,706,2,501
0.0328377,934,1,706,2,501
0.0328793,935,1,707,2,501
0.0329137,936,1,708,2,501
0.0329407,937,1,708,2,501
0.0329745,938,1,709,2,501
0.0330088,939,1,710,2,501
0.0330356,940,1,710,2,501
0.0330696,941,1,711,2,501
0.0330993,942,0,0,0,0
0.033133,943,1,712,2,501
0.033167,944,1,713,2,501
0.0332034,945,1,714,2,501
0.0332384,946,1,715,2,501
0.0332747,947,1,716,2,501
0.0333094,948,1,717,2,501
0.033344,949,1,718,2,501
0.0333787,950,1,719,2,501
0.0334129,951,1,720,2,501
0.0334466,952,1,721,2,501
0.0334826,953,1,722,2,501
0.0335177,954,1,723,2,501
0.0335521,955,1,724,2,501
0.0335864,956,1,725,2,501
0.0336208,957,1,726,2,501
0.0336576,958,1,727,2,501
0.033692,959,1,728,2,501
0.0337196,960,1,728,2,501
0.0337536,961,1,729,2,501
0.0337881,962,1,730,2,501
0.0338397,963,1,731,2,501
0.0338709,964,1,731,2,501
0.0339056,965,1,732,2,501
0.0339406,966,1,733,2,501
0.0339751,967,1,734,2,501
0.0340126,968,1,735,2,501
0.0340395,969,1,735,2,501
0.0340658,970,1,735,2,501
0.0340991,971,1,736,2,501
0.0341262,972,1,736,2,501
0.0341622,973,1,737,2,501
0.0342005,974,1,738,2,501
0.0342354,975,1,739,2,501
0.03427,976,1,740,2,501
0.0343045,977,1,741,2,501
0.0343315,978,1,741,2,501
0.034361,979,0,0,0,0
0.0343976,980,1,742,2,501
0.0344323,981,1,743,2,501
0.0344662,982,1,744,2,501
0.0345028,983,1,745,2,501
0.0345376,984,1,746,2,501
0.0345726,985,1,747,2,501
0.0346068,986,1,748,2,501
0.034636,987,0,0,0,0
0.0346724,988,1,749,2,501
0.0347093,989,1,750,2,501
0.0347444,990,1,751,2,501
0.0347783,991,1,752,2,501
0.0348329,992,1,753,2,501
0.0348738,993,1,754,2,501
0.0349016,994,1,754,2,501
0.0349366,995,1,755,2,501
0.0349715,996,1,756,2,501
0.0350063,997,1,757,2,501
0.0350414,998,1,758,2,501
0.0350766,999,1,759,2,501
0.0351736,1000,1,759,2,501
0.035209,0,1,760,2,501
0.0353317,1,1,760,2,501
0.0354283,2,1,760,2,501
0.0355252,3,1,760,2,501
0.0356218,4,1,760,2,501
0.0357181,5,1,760,2,501
0.0358346,6,1,760,2,501
0.0359361,7,1,760,2,501
0.0360026,8,1,760,2,501
0.0361011,9,1,760,2,501
0.0361974,10,1,760,2,501
0.0362937,11,1,760,2,501
0.0363892,12,1,760,2,501
0.0364858,13,1,760,2,501
0.036582,14,1,760,2,501
0.0366783,15,1,760,2,501
0.0367738,16,1,760,2,501
0.0368933,17,1,760,2,501
0.036992,18,1,760,2,501
0.0370883,19,1,760,2,501
0.0371846,20,1,760,2,501
0.0372799,21,1,760,2,501
0.0373765,22,1,760,2,501
0.0375289,23,1,760,2,501
0.0376449,24,1,760,2,501
0.0377418,25,1,760,2,501
0.0379319,26,1,760,2,501
0.0380362,27,1,760,2,501
0.0381334,28,1,760,2,501
0.0382287,29,1,760,2,501
0.0383251,30,1,760,2,501
0.0384213,31,1,760,2,501
0.0385174,32,1,760,2,501
0.0386128,33,1,760,2,501
0.038709,34,1,760,2,501
0.0388267,35,1,760,2,501
0.0389295,36,1,760,2,501
0.0390277,37,1,760,2,501
0.0391237,38,1,760,2,501
0.0392197,39,1,760,2,501
0.0393156,40,1,760,2,501
0.0394118,41,1,760,2,501
0.0395078,42,1,760,2,501
0.039604,43,1,760,2,501
0.0396998,44,1,760,2,501
0.0397953,45,1,760,2,501
0.0398985,46,1,760,2,501
0.0400015,47,1,760,2,501
0.0400981,48,1,760,2,501
0.0401943,49,1,760,2,501
0.0402904,50,1,760,2,501
0.0403865,51,1,760,2,501
0.0404819,52,1,760,2,501
0.0405772,53,1,760,2,501
0.0406732,54,1,760,2,501
0.0407688,55,1,760,2,501
0.0408726,56,1,760,2,501
0.0409686,57,1,760,2,501
0.0410643,58,1,760,2,501
0.0411596,59,1,760,2,501
0.0412559,60,1,760,2,501
0.0413521,61,1,760,2,501
0.0414481,62,1,760,2,501
0.0415447,63,1,760,2,501
0.0416409,64,1,760,2,501
0.041737,65,1,760,2,501
0.0418657,66,1,760,2,501
0.0419648,67,1,760,2,501
0.0420614,68,1,760,2,501
0.0421569,69,1,760,2,501
0.0422523,70,1,760,2,501
0.0423487,71,1,760,2,501
0.0424445,72,1,760,2,501
0.0425401,73,1,760,2,501
0.042636,74,1,760,2,501
0.0427322,75,1,760,2,501
0.0428429,76,1,760,2,501
0.0429404,77,1,760,2,501
0.0430372,78,1,760,2,501
0.0431328,79,1,760,2,501
0.0432281,80,1,760,2,501
0.0433242,81,1,760,2,501
0.0434205,82,1,760,2,501
0.0435158,83,1,760,2,501
0.0436118,84,1,760,2,501
0.0437079,85,1,760,2,501
0.0438119,86,1,760,2,501
0.0439156,87,1,760,2,501
0.044003,88,1,760,2,501
0.0440999,89,1,760,2,501
0.0441959,90,1,760,2,501
0.0442911,91,1,760,2,501
0.0443865,92,1,760,2,501
0.0444827,93,1,760,2,501
0.0445784,94,1,760,2,501
0.0446746,95,1,760,2,501
0.0447705,96,1,760,2,501
0.0448742,97,1,760,2,501
0.0449709,98,1,760,2,501
0.0450697,99,1,760,2,501
0.0451669,100,1,760,2,501
0.0452624,101,1,760,2,501
0.0453578,102,1,760,2,501
0.0454538,103,1,760,2,501
0.0455499,104,1,760,2,501
0.045645,105,1,760,2,501
0.0457405,106,1,760,2,501
0.0458514,107,1,760,2,501
0.0459478,108,1,760,2,501
0.0460444,109,1,760,2,501
0.0461399,110,1,760,2,501
0.0462353,111,1,760,2,501
0.0463315,112,1,760,2,501
0.0464317,113,1,760,2,501
0.0465279,114,1,760,2,501
0.0466241,115,1,760,2,501
0.0467201,116,1,760,2,501
0.0468292,117,1,760,2,501
0.0469282,118,1,760,2,501
0.0470249,119,1,760,2,501
0.047121,120,1,760,2,501
0.0472165,121,1,760,2,501
0.0473126,122,1,760,2,501
0.0474087,123,1,760,2,501
0.0475045,124,1,760,2,501
0.0476007,125,1,760,2,501
0.0476964,126,1,760,2,501
0.0477916,127,1,760,2,501
0.0478958,128,1,760,2,501
0.0480013,129,1,760,2,501
0.0481012,130,1,760,2,501
0.0481982,131,1,760,2,501
0.048294,132,1,760,2,501
0.0483906,133,1,760,2,501
0.0484874,134,1,760,2,501
0.048584,135,1,760,2,501
0.0486804,136,1,760,2,501
0.0487768,137,1,760,2,501
0.0488885,138,1,760,2,501
0.0489857,139,1,760,2,501
0.0490822,140,1,760,2,501
0.0491786,141,1,760,2,501
0.0492748,142,1,760,2,501
0.0493714,143,1,760,2,501
0.049468,144,1,760,2,501
0.0495648,145,1,760,2,501
0.0496614,146,1,760,2,501
0.049758,147,1,760,2,501
0.0498621,148,1,760,2,501
0.049958,149,1,760,2,501
0.050054,150,1,760,2,501
0.0501499,151,1,760,2,501
0.0502453,152,1,760,2,501
0.0503409,153,1,760,2,501
0.0504363,154,1,760,2,501
0.0505323,155,1,760,2,501
0.0506281,156,1,760,2,501
0.0507248,157,1,760,2,501
0.0508374,158,1,760,2,501
0.0509359,159,1,760,2,501
0.0510327,160,1,760,2,501
0.0511289,161,1,760,2,501
0.0512255,162,1,760,2,501
0.0513229,163,1,760,2,501
0.0514197,164,1,760,2,501
0.051516,165,1,760,2,501
0.0516125,166,1,760,2,501
0.0517079,167,1,760,2,501
0.0518509,168,1,760,2,501
0.0519797,169,1,760,2,501
0.0520898,170,1,760,2,501
0.0521906,171,1,760,2,501
0.0522938,172,1,760,2,501
0.0523958,173,1,760,2,501
0.0524979,174,1,760,2,501
0.0526002,175,1,760,2,501
0.0527028,176,1,760,2,501
0.0527997,177,1,760,2,501
0.0529183,178,1,760,2,501
0.053024,179,1,760,2,501
0.0531201,180,1,760,2,501
0.0532205,181,1,760,2,501
0.0533165,182,1,760,2,501
0.0534132,183,1,760,2,501
0.0535094,184,1,760,2,501
0.053605,185,1,760,2,501
0.0537017,186,1,760,2,501
0.0537981,187,1,760,2,501
0.0539042,188,1,760,2,501
0.0540011,189,1,760,2,501
0.054098,190,1,760,2,501
0.0541948,191,1,760,2,501
0.0542903,192,1,760,2,501
0.0543858,193,1,760,2,501
0.0544826,194,1,760,2,501
0.0545796,195,1,760,2,501
0.0546754,196,1,760,2,501
0.0547707,197,1,760,2,501
0.0549023,198,1,760,2,501
0.0550012,199,1,760,2,501
0.0550981,200,1,760,2,501
0.0551943,201,1,760,2,501
0.0552912,202,1,760,2,501
0.0553873,203,1,760,2,501
0.0554841,204,1,760,2,501
0.0555802,205,1,760,2,501
0.0556768,206,1,760,2,501
0.0557738,207,1,760,2,501
0.055891,208,1,760,2,501
0.0559973,209,1,760,2,501
0.0560942,210,1,760,2,501
0.05619,211,1,760,2,501
0.0562859,212,1,760,2,501
0.0563823,213,1,760,2,501
0.0564792,214,1,760,2,501
0.0565759,215,1,760,2,501
0.0566723,216,1,760,2,501
0.0567681,217,1,760,2,501
0.0568717,218,1,760,2,501
0.0569677,219,1,760,2,501
0.0570646,220,1,760,2,501
0.0571611,221,1,760,2,501
0.0572577,222,1,760,2,501
0.0573564,223,1,760,2,501
0.0574532,224,1,760,2,501
0.0575491,225,1,760,2,501
0.0576464,226,1,760,2,501
0.0577424,227,1,760,2,501
0.0578514,228,1,760,2,501
0.0579509,229,1,760,2,501
0.0580481,230,1,760,2,501
0.0581449,231,1,760,2,501
0.0582416,232,1,760,2,501
0.0583381,233,1,760,2,501
0.0584348,234,1,760,2,501
0.0585314,235,1,760,2,501
0.0586282,236,1,760,2,501
0.0587243,237,1,760,2,501
0.0588374,238,1,760,2,501
0.0589346,239,1,760,2,501
0.0590314,240,1,760,2,501
0.0591278,241,1,760,2,501
0.0592238,242,1,760,2,501
0.0593195,243,1,760,2,501
0.0594162,244,1,760,2,501
0.0595156,245,1,760,2,501
0.0596122,246,1,760,2,501
0.0597089,247,1,760,2,501
0.0598657,248,1,760,2,501
0.0599765,249,1,760,2,501
0.0600766,250,1,760,2,501
0.0601726,251,1,760,2,501
0.0602685,252,1,760,2,501
0.060365,253,1,760,2,501
0.0604605,254,1,760,2,501
0.0605573,255,1,760,2,501
0.0606544,256,1,760,2,501
0.0607503,257,1,760,2,501
0.0608548,258,1,760,2,501
0.0609513,259,1,760,2,501
0.0610481,260,1,760,2,501
0.061144,261,1,760,2,501
0.0613149,262,1,760,2,501
0.0614608,263,1,760,2,501
0.0615963,264,1,760,2,501
0.061694,265,1,760,2,501
0.0618456,266,1,760,2,501
0.0619566,267,1,760,2,501
0.0620547,268,1,760,2,501
0.0621543,269,1,760,2,501
0.0622524,270,1,760,2,501
0.062349,271,1,760,2,501
0.0624462,272,1,760,2,501
0.0625431,273,1,760,2,501
0.0626401,274,1,760,2,501
0.0627366,275,1,760,2,501
0.0628767,276,1,760,2,501
0.0629735,277,1,760,2,501
0.0630708,278,1,760,2,501
0.0631664,279,1,760,2,501
0.0632637,280,1,760,2,501
0.0633606,281,1,760,2,501
0.0634575,282,1,760,2,501
0.0635564,283,1,760,2,501
0.0636529,284,1,760,2,501
0.0637499,285,1,760,2,501
0.0638538,286,1,760,2,501
0.0639512,287,1,760,2,501
0.0640051,288,1,760,2,501
0.0641023,289,1,760,2,501
0.0641984,290,1,760,2,501
0.0642951,291,1,760,2,501
0.0643909,292,1,760,2,501
0.0644875,293,1,760,2,501
0.0645837,294,1,760,2,501
0.0646804,295,1,760,2,501
0.0647769,296,1,760,2,501
0.0648836,297,1,760,2,501
0.0649826,298,1,760,2,501
0.0650794,299,1,760,2,501
0.0651761,300,1,760,2,501
0.0652725,301,1,760,2,501
0.0653688,302,1,760,2,501
0.0654655,303,1,760,2,501
0.0655624,304,1,760,2,501
0.065659,305,1,760,2,501
0.0657547,306,1,760,2,501
0.0658576,307,1,760,2,501
0.0659545,308,1,760,2,501
0.0660515,309,1,760,2,501
0.0661482,310,1,760,2,501
0.066245,311,1,760,2,501
0.0663405,312,1,760,2,501
0.0664372,313,1,760,2,501
0.066534,314,1,760,2,501
0.0666304,315,1,760,2,501
0.0667267,316,1,760,2,501
0.0668388,317,1,760,2,501
0.0669363,318,1,760,2,501
0.0670358,319,1,760,2,501
0.067133,320,1,760,2,501
0.0672299,321,1,760,2,501
0.0673266,322,1,760,2,501
0.0674234,323,1,760,2,501
0.0675193,324,1,760,2,501
0.0676159,325,1,760,2,501
0.0677127,326,1,760,2,501
0.0678231,327,1,760,2,501
0.067925,328,1,760,2,501
0.0680018,329,1,760,2,501
0.0680986,330,1,760,2,501
0.0681956,331,1,760,2,501
0.0682925,332,1,760,2,501
0.0683883,333,1,760,2,501
0.0684847,334,1,760,2,501
0.0685812,335,1,760,2,501
0.0686775,336,1,760,2,501
0.068774,337,1,760,2,501
0.0688775,338,1,760,2,501
0.0689747,339,1,760,2,501
0.0690718,340,1,760,2,501
0.0691688,341,1,760,2,501
0.0692654,342,1,760,2,501
0.0693622,343,1,760,2,501
0.0694589,344,1,760,2,501
0.0695555,345,1,760,2,501
0.0696515,346,1,760,2,501
0.0697478,347,1,760,2,501
0.0698602,348,1,760,2,501
0.0699562,349,1,760,2,501
0.0700529,350,1,760,2,501
0.070149,351,1,760,2,501
0.0702456,352,1,760,2,501
0.0703417,353,1,760,2,501
0.0704383,354,1,760,2,501
0.0705357,355,1,760,2,501
0.0706325,356,1,760,2,501
0.0707285,357,1,760,2,501
0.0708397,358,1,760,2,501
0.0709358,359,1,760,2,501
0.0710326,360,1,760,2,501
0.0711292,361,1,760,2,501
0.0712258,362,1,760,2,501
0.0713218,363,1,760,2,501
0.0714185,364,1,760,2,501
0.0715152,365,1,760,2,501
0.0716117,366,1,760,2,501
0.0717071,367,1,760,2,501
0.0718214,368,1,760,2,501
0.0719278,369,1,760,2,501
0.0720049,370,1,760,2,501
0.0721018,371,1,760,2,501
0.0721984,372,1,760,2,501
0.0722951,373,1,760,2,501
0.0723942,374,1,760,2,501
0.0724908,375,1,760,2,501
0.0725875,376,1,760,2,501
0.0726841,377,1,760,2,501
0.0727808,378,1,760,2,501
0.0728862,379,1,760,2,501
0.0729824,380,1,760,2,501
0.0730794,381,1,760,2,501
0.0731763,382,1,760,2,501
0.0732725,383,1,760,2,501
0.0733694,384,1,760,2,501
0.0734662,385,1,760,2,501
0.0735631,386,1,760,2,501
0.0736597,387,1,760,2,501
0.0737564,388,1,760,2,501
0.0738702,389,1,760,2,501
0.0739667,390,1,760,2,501
0.0740637,391,1,760,2,501
0.0741632,392,1,760,2,501
0.0742597,393,1,760,2,501
0.0743566,394,1,760,2,501
0.0744534,395,1,760,2,501
0.0745504,396,1,760,2,501
0.074646,397,1,760,2,501
0.0747428,398,1,760,2,501
0.0748514,399,1,760,2,501
0.0749482,400,1,760,2,501
0.0750449,401,1,760,2,501
0.0751414,402,1,760,2,501
0.0752372,403,1,760,2,501
0.0753339,404,1,760,2,501
0.07543,405,1,760,2,501
0.0755271,406,1,760,2,501
0.075623,407,1,760,2,501
0.0757199,408,1,760,2,501
0.0758296,409,1,760,2,501
0.0759288,410,1,760,2,501
0.0760083,411,1,760,2,501
0.0761058,412,1,760,2,501
0.0762026,413,1,760,2,501
0.0762982,414,1,760,2,501
0.076395,415,1,760,2,501
0.0764922,416,1,760,2,501
0.0765892,417,1,760,2,501
0.0766843,418,1,760,2,501
0.0767808,419,1,760,2,501
0.0768848,420,1,760,2,501
0.0769818,421,1,760,2,501
0.0770786,422,1,760,2,501
0.0771752,423,1,760,2,501
0.0772706,424,1,760,2,501
0.0773665,425,1,760,2,501
0.0774625,426,1,760,2,501
0.0775594,427,1,760,2,501
0.0776564,428,1,760,2,501
0.0777531,429,1,760,2,501
0.0778566,430,1,760,2,501
0.0779529,431,1,760,2,501
0.0780489,432,1,760,2,501
0.078146,433,1,760,2,501
0.0782427,434,1,760,2,501
0.0783381,435,1,760,2,501
0.0784344,436,1,760,2,501
0.0785313,437,1,760,2,501
0.0786281,438,1,760,2,501
0.0787236,439,1,760,2,501
0.0788378,440,1,760,2,501
0.0789362,441,1,760,2,501
0.0790329,442,1,760,2,501
0.0791285,443,1,760,2,501
0.0792239,444,1,760,2,501
0.0793207,445,1,760,2,501
0.0794168,446,1,760,2,501
0.0795134,447,1,760,2,501
0.0796102,448,1,760,2,501
0.0797069,449,1,760,2,501
0.0798337,450,1,760,2,501
0.0799361,451,1,760,2,501
0.0800019,452,1,760,2,501
0.0800989,453,1,760,2,501
0.0801985,454,1,760,2,501
0.0802953,455,1,760,2,501
0.0803905,456,1,760,2,501
0.0804878,457,1,760,2,501
0.0805847,458,1,760,2,501
0.0806801,459,1,760,2,501
0.080776,460,1,760,2,501
0.08088,461,1,760,2,501
0.0809772,462,1,760,2,501
0.0810733,463,1,760,2,501
0.0811693,464,1,760,2,501
0.0812683,465,1,760,2,501
0.0813653,466,1,760,2,501
0.0814614,467,1,760,2,501
0.0815582,468,1,760,2,501
0.0816538,469,1,760,2,501
0.0817498,470,1,760,2,501
0.0818535,471,1,760,2,501
0.0819492,472,1,760,2,501
0.0820458,473,1,760,2,501
0.0821412,474,1,760,2,501
0.0822378,475,1,760,2,501
0.0823346,476,1,760,2,501
0.0824305,477,1,760,2,501
0.0825273,478,1,760,2,501
0.0826235,479,1,760,2,501
0.0827206,480,1,760,2,501
0.0828619,481,1,760,2,501
0.0829632,482,1,760,2,501
0.0830591,483,1,760,2,501
0.083156,484,1,760,2,501
0.0832516,485,1,760,2,501
0.0833484,486,1,760,2,501
0.0834445,487,1,760,2,501
0.0835413,488,1,760,2,501
0.0836368,489,1,760,2,501
0.0837329,490,1,760,2,501
0.0838774,491,1,760,2,501
0.083989,492,1,760,2,501
0.0840868,493,1,760,2,501
0.0841826,494,1,760,2,501
0.084279,495,1,760,2,501
0.0843757,496,1,760,2,501
0.0844724,497,1,760,2,501
0.0845691,498,1,760,2,501
0.0846646,499,1,760,2,501
0.0847605,500,1,760,2,501
0.0848642,501,1,760,2,501
0.0849613,502,1,760,2,501
0.0850571,503,1,760,2,501
0.0851537,504,1,760,2,501
0.0852503,505,1,760,2,501
0.0853468,506,1,760,2,501
0.0854429,507,1,760,2,501
0.0855396,508,1,760,2,501
0.0856354,509,1,760,2,501
0.085732,510,1,760,2,501
0.0858449,511,1,760,2,501
0.0859462,512,1,760,2,501
0.086043,513,1,760,2,501
0.0861399,514,1,760,2,501
0.0862366,515,1,760,2,501
0.0863332,516,1,760,2,501
0.0864287,517,1,760,2,501
0.0865255,518,1,760,2,501
0.0866221,519,1,760,2,501
0.0867176,520,1,760,2,501
0.0868224,521,1,760,2,501
0.0869241,522,1,760,2,501
0.0870197,523,1,760,2,501
0.0871157,524,1,760,2,501
0.087215,525,1,760,2,501
0.0873103,526,1,760,2,501
0.0874069,527,1,760,2,501
0.0875033,528,1,760,2,501
0.0875993,529,1,760,2,501
0.0876971,530,1,760,2,501
0.0877931,531,1,760,2,501
0.0878976,532,1,760,2,501
0.0880003,533,1,760,2,501
0.0880964,534,1,760,2,501
0.0881928,535,1,760,2,501
0.0882895,536,1,760,2,501
0.0883853,537,1,760,2,501
0.0884847,538,1,760,2,501
0.0885826,539,1,760,2,501
0.0886795,540,1,760,2,501
0.0887753,541,1,760,2,501
0.0888784,542,1,760,2,501
0.0889756,543,1,760,2,501
0.0890718,544,1,760,2,501
0.0891691,545,1,760,2,501
0.0892659,546,1,760,2,501
0.0893625,547,1,760,2,501
0.0894594,548,1,760,2,501
0.089556,549,1,760,2,501
0.089653,550,1,760,2,501
0.0897502,551,1,760,2,501
0.0898544,552,1,760,2,501
0.0899515,553,1,760,2,501
0.0900477,554,1,760,2,501
0.0901438,555,1,760,2,501
0.0902394,556,1,760,2,501
0.0903349,557,1,760,2,501
0.0904317,558,1,760,2,501
0.0905282,559,1,760,2,501
0.0906252,560,1,760,2,501
0.0907221,561,1,760,2,501
0.0908376,562,1,760,2,501
0.0909412,563,1,760,2,501
0.0910378,564,1,760,2,501
0.0911345,565,1,760,2,501
0.0912318,566,1,760,2,501
0.0913278,567,1,760,2,501
0.0914246,568,1,760,2,501
0.0915206,569,1,760,2,501
0.0916172,570,1,760,2,501
0.0917138,571,1,760,2,501
0.091823,572,1,760,2,501
0.0919248,573,1,760,2,501
0.0920028,574,1,760,2,501
0.0920989,575,1,760,2,501
0.0921956,576,1,760,2,501
0.0922919,577,1,760,2,501
0.0923873,578,1,760,2,501
0.0924839,579,1,760,2,501
0.0925805,580,1,760,2,501
0.0926772,581,1,760,2,501
0.0927733,582,1,760,2,501
0.0928773,583,1,760,2,501
0.0929732,584,1,760,2,501
0.093069,585,1,760,2,501
0.093166,586,1,760,2,501
0.0932628,587,1,760,2,501
0.0933597,588,1,760,2,501
0.093455,589,1,760,2,501
0.0935517,590,1,760,2,501
0.0936484,591,1,760,2,501
0.093745,592,1,760,2,501
0.0938728,593,1,760,2,501
0.0939691,594,1,760,2,501
0.0940653,595,1,760,2,501
0.0941621,596,1,760,2,501
0.0942588,597,1,760,2,501
0.0943566,598,1,760,2,501
0.0944536,599,1,760,2,501
0.0945502,600,1,760,2,501
0.0946489,601,1,760,2,501
0.0947457,602,1,760,2,501
0.0948528,603,1,760,2,501
0.09495,604,1,760,2,501
0.0950464,605,1,760,2,501
0.0951433,606,1,760,2,501
0.0952408,607,1,760,2,501
0.0953366,608,1,760,2,501
0.0954338,609,1,760,2,501
0.0955296,610,1,760,2,501
0.0956285,611,1,760,2,501
0.0957247,612,1,760,2,501
0.0958369,613,1,760,2,501
0.0959351,614,1,760,2,501
0.0960031,615,1,760,2,501
0.0961003,616,1,760,2,501
0.0961962,617,1,760,2,501
0.0962931,618,1,760,2,501
0.0963898,619,1,760,2,501
0.096486,620,1,760,2,501
0.0965828,621,1,760,2,501
0.0966795,622,1,760,2,501
0.0967759,623,1,760,2,501
0.0968789,624,1,760,2,501
0.0969784,625,1,760,2,501
0.0970746,626,1,760,2,501
0.0971708,627,1,760,2,501
0.0972677,628,1,760,2,501
0.0973639,629,1,760,2,501
0.0974632,630,1,760,2,501
0.097559,631,1,760,2,501
0.0976551,632,1,760,2,501
0.0977522,633,1,760,2,501
0.0978561,634,1,760,2,501
0.0979526,635,1,760,2,501
0.0980495,636,1,760,2,501
0.0981455,637,1,760,2,501
0.0982423,638,1,760,2,501
0.0983387,639,1,760,2,501
0.0984357,640,1,760,2,501
0.0985319,641,1,760,2,501
0.0986275,642,1,760,2,501
0.0987231,643,1,760,2,501
0.098839,644,1,760,2,501
0.0989368,645,1,760,2,501
0.0990339,646,1,760,2,501
0.0991307,647,1,760,2,501
0.0992273,648,1,760,2,501
0.0993242,649,1,760,2,501
0.0994211,650,1,760,2,501
0.0995177,651,1,760,2,501
0.0996146,652,1,760,2,501
0.0997107,653,1,760,2,501
0.0998185,654,1,760,2,501
0.0999194,655,1,760,2,501
0.100003,656,1,760,2,501
0.1001,657,1,760,2,501
0.100197,658,1,760,2,501
0.100293,659,1,760,2,501
0.10039,660,1,760,2,501
0.100486,661,1,760,2,501
0.100582,662,1,760,2,501
0.100678,663,1,760,2,501
0.100774,664,1,760,2,501
0.10088,665,1,760,2,501
0.100977,666,1,760,2,501
0.101074,667,1,760,2,501
0.10117,668,1,760,2,501
0.101266,669,1,760,2,501
0.101363,670,1,760,2,501
0.10146,671,1,760,2,501
0.101557,672,1,760,2,501
0.101653,673,1,760,2,501
0.101749,674,1,760,2,501
0.101852,675,1,760,2,501
0.101948,676,1,760,2,501
0.102047,677,1,760,2,501
0.102143,678,1,760,2,501
0.10224,679,1,760,2,501
0.102336,680,1,760,2,501
0.102432,681,1,760,2,501
0.102528,682,1,760,2,501
0.102625,683,1,760,2,501
0.102724,684,1,760,2,501
0.102837,685,1,760,2,501
0.102936,686,1,760,2,501
0.103033,687,1,760,2,501
0.10313,688,1,760,2,501
0.103226,689,1,760,2,501
0.103323,690,1,760,2,501
0.103419,691,1,760,2,501
0.103516,692,1,760,2,501
0.103613,693,1,760,2,501
0.10371,694,1,760,2,501
0.103825,695,1,760,2,501
0.103927,696,1,760,2,501
0.104003,697,1,760,2,501
0.104099,698,1,760,2,501
0.104195,699,1,760,2,501
0.104292,700,1,760,2,501
0.104388,701,1,760,2,501
0.104483,702,1,760,2,501
0.104579,703,1,760,2,501
0.104675,704,1,760,2,501
0.104771,705,1,760,2,501
0.104876,706,1,760,2,501
0.104972,707,1,760,2,501
0.105069,708,1,760,2,501
0.105165,709,1,760,2,501
0.105267,710,1,760,2,501
0.105362,711,1,760,2,501
0.105459,712,1,760,2,501
0.105555,713,1,760,2,501
0.105652,714,1,760,2,501
0.105748,715,1,760,2,501
0.105852,716,1,760,2,501
0.105949,717,1,760,2,501
0.106046,718,1,760,2,501
0.106142,719,1,760,2,501
0.106239,720,1,760,2,501
0.106336,721,1,760,2,501
0.106432,722,1,760,2,501
0.106529,723,1,760,2,501
0.106624,724,1,760,2,501
0.10672,725,1,760,2,501
0.10683,726,1,760,2,501
0.106932,727,1,760,2,501
0.107029,728,1,760,2,501
0.107124,729,1,760,2,501
0.10722,730,1,760,2,501
0.107316,731,1,760,2,501
0.107412,732,1,760,2,501
0.107508,733,1,760,2,501
0.107603,734,1,760,2,501
0.107699,735,1,760,2,501
0.107795,736,1,760,2,501
0.107899,737,1,760,2,501
0.108001,738,1,760,2,501
0.108096,739,1,760,2,501
0.108193,740,1,760,2,501
0.108288,741,1,760,2,501
0.108384,742,1,760,2,501
0.10848,743,1,760,2,501
0.108577,744,1,760,2,501
0.108673,745,1,760,2,501
0.108768,746,1,760,2,501
0.108872,747,1,760,2,501
0.108969,748,1,760,2,501
0.109064,749,1,760,2,501
0.109161,750,1,760,2,501
0.109258,751,1,760,2,501
0.109354,752,1,760,2,501
0.109453,753,1,760,2,501
0.109549,754,1,760,2,501
0.109646,755,1,760,2,501
0.109742,756,1,760,2,501
0.109854,757,1,760,2,501
0.109951,758,1,760,2,501
0.110047,759,1,760,2,501
0.110144,760,1,760,2,501
0.11024,761,1,760,2,501
0.110336,762,1,760,2,501
0.110432,763,1,760,2,501
0.110529,764,1,760,2,501
0.110625,765,1,760,2,501
0.110721,766,1,760,2,501
0.110831,767,1,760,2,501
0.110932,768,1,760,2,501
0.111029,769,1,760,2,501
0.111126,770,1,760,2,501
0.111223,771,1,760,2,501
0.111319,772,1,760,2,501
0.111416,773,1,760,2,501
0.111512,774,1,760,2,501
0.111608,775,1,760,2,501
0.111703,776,1,760,2,501
0.111799,777,1,760,2,501
0.111902,778,1,760,2,501
0.112003,779,1,760,2,501
0.1121,780,1,760,2,501
0.112196,781,1,760,2,501
0.112293,782,1,760,2,501
0.112389,783,1,760,2,501
0.112486,784,1,760,2,501
0.112583,785,1,760,2,501
0.112678,786,1,760,2,501
0.112774,787,1,760,2,501
0.112878,788,1,760,2,501
0.112974,789,1,760,2,501
0.113072,790,1,760,2,501
0.113168,791,1,760,2,501
0.113265,792,1,760,2,501
0.113362,793,1,760,2,501
0.113458,794,1,760,2,501
0.113556,795,1,760,2,501
0.113653,796,1,760,2,501
0.113749,797,1,760,2,501
0.113853,798,1,760,2,501
0.113951,799,1,760,2,501
0.114047,800,1,760,2,501
0.114144,801,1,760,2,501
0.11424,802,1,760,2,501
0.114337,803,1,760,2,501
0.114434,804,1,760,2,501
0.11453,805,1,760,2,501
0.114626,806,1,760,2,501
0.114722,807,1,760,2,501
0.11484,808,1,760,2,501
0.114942,809,1,760,2,501
0.115039,810,1,760,2,501
0.115135,811,1,760,2,501
0.115232,812,1,760,2,501
0.115329,813,1,760,2,501
0.115424,814,1,760,2,501
0.11552,815,1,760,2,501
0.115617,816,1,760,2,501
0.115727,817,1,760,2,501
0.115851,818,1,760,2,501
0.115952,819,1,760,2,501
0.116004,820,1,760,2,501
0.116101,821,1,760,2,501
0.116197,822,1,760,2,501
0.116294,823,1,760,2,501
0.116391,824,1,760,2,501
0.116488,825,1,760,2,501
0.116584,826,1,760,2,501
0.11668,827,1,760,2,501
0.116777,828,1,760,2,501
0.116882,829,1,760,2,501
0.116979,830,1,760,2,501
0.117079,831,1,760,2,501
0.117176,832,1,760,2,501
0.117273,833,1,760,2,501
0.117369,834,1,760,2,501
0.117466,835,1,760,2,501
0.117576,836,1,760,2,501
0.117675,837,1,760,2,501
0.117772,838,1,760,2,501
0.117878,839,1,760,2,501
0.117974,840,1,760,2,501
0.118072,841,1,760,2,501
0.118171,842,1,760,2,501
0.118269,843,1,760,2,501
0.118368,844,1,760,2,501
0.118465,845,1,760,2,501
0.118563,846,1,760,2,501
0.11866,847,1,760,2,501
0.118757,848,1,760,2,501
0.118861,849,1,760,2,501
0.118959,850,1,760,2,501
0.119056,851,1,760,2,501
0.119153,852,1,760,2,501
0.119252,853,1,760,2,501
0.11935,854,1,760,2,501
0.119447,855,1,760,2,501
0.119546,856,1,760,2,501
0.119643,857,1,760,2,501
0.11974,858,1,760,2,501
0.119853,859,1,760,2,501
0.119956,860,1,760,2,501
0.120058,861,1,760,2,501
0.120156,862,1,760,2,501
0.120252,863,1,760,2,501
0.120349,864,1,760,2,501
0.120446,865,1,760,2,501
0.120542,866,1,760,2,501
0.120638,867,1,760,2,501
0.120735,868,1,760,2,501
0.120847,869,1,760,2,501
0.120944,870,1,760,2,501
0.121041,871,1,760,2,501
0.121137,872,1,760,2,501
0.121233,873,1,760,2,501
0.121329,874,1,760,2,501
0.121424,875,1,760,2,501
0.12152,876,1,760,2,501
0.121617,877,1,760,2,501
0.121713,878,1,760,2,501
0.121821,879,1,760,2,501
0.121922,880,1,760,2,501
0.122021,881,1,760,2,501
0.122117,882,1,760,2,501
0.122213,883,1,760,2,501
0.122309,884,1,760,2,501
0.122404,885,1,760,2,501
0.122501,886,1,760,2,501
0.122597,887,1,760,2,501
0.122694,888,1,760,2,501
0.12279,889,1,760,2,501
0.122893,890,1,760,2,501
0.12299,891,1,760,2,501
0.123086,892,1,760,2,501
0.123182,893,1,760,2,501
0.123279,894,1,760,2,501
0.123376,895,1,760,2,501
0.123473,896,1,760,2,501
0.12357,897,1,760,2,501
0.123666,898,1,760,2,501
0.123763,899,1,760,2,501
0.123867,900,1,760,2,501
0.123969,901,1,760,2,501
0.12407,902,1,760,2,501
0.124166,903,1,760,2,501
0.124271,904,1,760,2,501
0.124368,905,1,760,2,501
0.124465,906,1,760,2,501
0.124562,907,1,760,2,501
0.124659,908,1,760,2,501
0.124756,909,1,760,2,501
0.124859,910,1,760,2,501
0.124956,911,1,760,2,501
0.125052,912,1,760,2,501
0.125149,913,1,760,2,501
0.125245,914,1,760,2,501
0.125341,915,1,760,2,501
0.125438,916,1,760,2,501
0.125534,917,1,760,2,501
0.125631,918,1,760,2,501
0.125727,919,1,760,2,501
0.126001,920,1,760,2,501
0.126276,921,1,760,2,501
0.126406,922,1,760,2,501
0.126506,923,1,760,2,501
0.126629,924,1,760,2,501
0.126731,925,1,760,2,501
0.126849,926,1,760,2,501
0.126959,927,1,760,2,501
0.12706,928,1,760,2,501
0.127158,929,1,760,2,501
0.127281,930,1,760,2,501
0.127382,931,1,760,2,501
0.127479,932,1,760,2,501
0.127576,933,1,760,2,501
0.127672,934,1,760,2,501
0.127769,935,1,760,2,501
0.127873,936,1,760,2,501
0.127977,937,1,760,2,501
0.128078,938,1,760,2,501
0.128175,939,1,760,2,501
0.128271,940,1,760,2,501
0.128368,941,1,760,2,501
0.128464,942,1,760,2,501
0.128561,943,1,760,2,501
0.128657,944,1,760,2,501
0.128754,945,1,760,2,501
0.128878,946,1,760,2,501
0.128982,947,1,760,2,501
0.129079,948,1,760,2,501
0.129175,949,1,760,2,501
0.129271,950,1,760,2,501
0.129367,951,1,760,2,501
0.129464,952,1,760,2,501
0.12956,953,1,760,2,501
0.129656,954,1,760,2,501
0.129753,955,1,760,2,501
0.129857,956,1,760,2,501
0.129954,957,1,760,2,501
0.130051,958,1,760,2,501
0.130147,959,1,760,2,501
0.130243,960,1,760,2,501
0.130339,961,1,760,2,501
0.130435,962,1,760,2,501
0.130531,963,1,760,2,501
0.130627,964,1,760,2,501
0.130723,965,1,760,2,501
0.130838,966,1,760,2,501
0.130935,967,1,760,2,501
0.131032,968,1,760,2,501
0.131129,969,1,760,2,501
0.131225,970,1,760,2,501
0.131321,971,1,760,2,501
0.131418,972,1,760,2,501
0.131514,973,1,760,2,501
0.131611,974,1,760,2,501
0.131707,975,1,760,2,501
0.131813,976,1,760,2,501
0.131914,977,1,760,2,501
0.132004,978,1,760,2,501
0.132103,979,1,760,2,501
0.132199,980,1,760,2,501
0.132295,981,1,760,2,501
0.132392,982,1,760,2,501
0.132488,983,1,760,2,501
0.132585,984,1,760,2,501
0.132681,985,1,760,2,501
0.132777,986,1,760,2,501
0.132898,987,1,760,2,501
0.132997,988,1,760,2,501
0.133094,989,1,760,2,501
0.13319,990,1,760,2,501
0.133286,991,1,760,2,501
0.133383,992,1,760,2,501
0.133478,993,1,760,2,501
0.133575,994,1,760,2,501
0.133672,995,1,760,2,501
0.133767,996,1,760,2,501
0.133871,997,1,760,2,501
0.133968,998,1,760,2,501
0.134064,999,1,760,2,501
0.13416,1000,1,760,2,501
0.134257,1001,1,760,2,501
0.134354,1002,1,760,2,501
0.134451,1003,1,760,2,501
0.134547,1004,1,760,2,501
0.134644,1005,1,760,2,501
0.13474,1006,1,760,2,501
0.134851,1007,1,760,2,501
0.134948,1008,1,760,2,501
0.135045,1009,1,760,2,501
0.135142,1010,1,760,2,501
0.135238,1011,1,760,2,501
0.135335,1012,1,760,2,501
0.135431,1013,1,760,2,501
0.135528,1014,1,760,2,501
0.135623,1015,1,760,2,501
0.13572,1016,1,760,2,501
0.135841,1017,1,760,2,501
0.135949,1018,1,760,2,501
0.136003,1019,1,760,2,501
0.1361,1020,1,760,2,501
0.136196,1021,1,760,2,501
0.136293,1022,1,760,2,501
0.136388,1023,1,760,2,501
0.136485,1024,1,760,2,501
0.136582,1025,1,760,2,501
0.136678,1026,1,760,2,501
0.136775,1027,1,760,2,501
0.136894,1028,1,760,2,501
0.136991,1029,1,760,2,501
0.137087,1030,1,760,2,501
0.137183,1031,1,760,2,501
0.13728,1032,1,760,2,501
0.137377,1033,1,760,2,501
0.137473,1034,1,760,2,501
0.137569,1035,1,760,2,501
0.137666,1036,1,760,2,501
0.137762,1037,1,760,2,501
0.137962,1038,1,760,2,501
0.13806,1039,1,760,2,501
0.138156,1040,1,760,2,501
0.138253,1041,1,760,2,501
0.13835,1042,1,760,2,501
0.138447,1043,1,760,2,501
0.138543,1044,1,760,2,501
0.13864,1045,1,760,2,501
0.138737,1046,1,760,2,501
0.138967,1047,1,760,2,501
0.139088,1048,1,760,2,501
0.139185,1049,1,760,2,501
0.139282,1050,1,760,2,501
0.139379,1051,1,760,2,501
0.139476,1052,1,760,2,501
0.139573,1053,1,760,2,501
0.139675,1054,1,760,2,501
0.139772,1055,1,760,2,501
0.139877,1056,1,760,2,501
0.139987,1057,1,760,2,501
0.140086,1058,1,760,2,501
0.140182,1059,1,760,2,501
0.140279,1060,1,760,2,501
0.140375,1061,1,760,2,501
0.140472,1062,1,760,2,501
0.140572,1063,1,760,2,501
0.140669,1064,1,760,2,501
0.140767,1065,1,760,2,501
0.140871,1066,1,760,2,501
0.14097,1067,1,760,2,501
0.141067,1068,1,760,2,501
0.141165,1069,1,760,2,501
0.141262,1070,1,760,2,501
0.141358,1071,1,760,2,501
0.141455,1072,1,760,2,501
0.141552,1073,1,760,2,501
0.141648,1074,1,760,2,501
0.141745,1075,1,760,2,501
0.141852,1076,1,760,2,501
0.141953,1077,1,760,2,501
0.14205,1078,1,760,2,501
0.142146,1079,1,760,2,501
0.142243,1080,1,760,2,501
0.14234,1081,1,760,2,501
0.142436,1082,1,760,2,501
0.142532,1083,1,760,2,501
0.142628,1084,1,760,2,501
0.142724,1085,1,760,2,501
0.142839,1086,1,760,2,501
0.142936,1087,1,760,2,501
0.143033,1088,1,760,2,501
0.143129,1089,1,760,2,501
0.143226,1090,1,760,2,501
0.143322,1091,1,760,2,501
0.143419,1092,1,760,2,501
0.143515,1093,1,760,2,501
0.143611,1094,1,760,2,501
0.143707,1095,1,760,2,501
0.143813,1096,1,760,2,501
0.143915,1097,1,760,2,501
0.144006,1098,1,760,2,501
0.144103,1099,1,760,2,501
0.144199,1100,1,760,2,501
0.144295,1101,1,760,2,501
0.144392,1102,1,760,2,501
0.144488,1103,1,760,2,501
0.144585,1104,1,760,2,501
0.144682,1105,1,760,2,501
0.144778,1106,1,760,2,501
0.144882,1107,1,760,2,501
0.144979,1108,1,760,2,501
0.145075,1109,1,760,2,501
0.145172,1110,1,760,2,501
0.145267,1111,1,760,2,501
0.145363,1112,1,760,2,501
0.14546,1113,1,760,2,501
0.145557,1114,1,760,2,501
0.145653,1115,1,760,2,501
0.14575,1116,1,760,2,501
0.145854,1117,1,760,2,501
0.14595,1118,1,760,2,501
0.146049,1119,1,760,2,501
0.146146,1120,1,760,2,501
0.146243,1121,1,760,2,501
0.14634,1122,1,760,2,501
0.146589,1123,1,760,2,760
